{"cameraMode":{"drawMode":0,"name":"Shaded","section":"Shading Mode"},"sceneLighting":false,"audioPlay":false,"sceneViewState":{"showFog":true,"showMaterialUpdate":false,"showSkybox":false,"showFlares":true,"showImageEffects":true,"showParticleSystems":true},"in2DMode":false,"pivot":{"x":-0.6845844984054565,"y":1.1638011932373047,"z":-0.887591540813446},"rotation":{"x":0.2969956696033478,"y":0.6136370897293091,"z":-0.26766252517700198,"w":0.6808876991271973},"size":1.225978970527649,"orthographic":false}